fee,breadcrumb,country,pk_content,browseCountry,companyId,fo_k
style_type,expDataUniqueID,st,updates[30123701862478],ID
-500ml-vacuum-insulated-food-jar-with-spoon---teal-,sysid,p,channable,region
prodid,itemId,partNumber,sort,removeDefaultSelectedSize,pmax,availableNow,mc,FF
expDataType,rmmds,attribute_pa_size,ff,SLIPid,langId,ven1,%20blue,weight
-au-lait-k60k608410gbi,tag,carry-on,customizer,shadow-lavender,clay,customid
%20white%20check,url,_cardamom,rctxt,path,pr_prod_strat,rdlink,CTARef,deposit,%20navy
navy,S_ID,C_ID,browseCurrency,%20animal,rtype,id,rsc,affil,fp,%20white%20stars
variant_id,ProductId,Warehouse,cid,pk_cid,selectedsku,gf,colour,fep,refCat,_deposit)
emkd,cectid,URL,-500ml-vacuum-insulated-food-jar-with-spoon---red-,\ufeffPARAM,pid,prm
CategoryId,refSrc,pd1,section,uid,_tea_tree), Coats > Leather Jackets~AU,svid
_encoding,_2,cm_cr,%20gold%20check,cachecurrency,option,nosto,offer_id,basket
istItemId,dataSource,key,checkbox,pk_keyword,camp,stack_position,aqi,body_shape,srid
nav,Url,pr_rec_pid,_bergamot),sku,-intensive-strengthening-masque-light-400ml.html,rsView,ts
limit,th,s,catfilter,currencyCode,zenid,rec,country_code,attributes[consultant_id]
designer,errorViewName,method,rm_e,grey,%20white,e,adlk_id,q,mid,slot,forest
intv_id,%20beige,matte-brown,simSlot,_rose),saleID
virtuemart_product_id,v,moss-green,ts_id,top_category3,folderID,curr
destinationUrl,market,-au-lait-k60k610180gbi,midnight-black,origin,pbid,sfdr_ptcid,forest-green
%20coral,productID,uom,connectivity,%20grey,ssf,selected,algoliaQueryID,keywords
fr,.html,vid,%20white%20paisle,%20navy%20stripe,rid,insta_en,subscription#collectionDesignation
choice,originalPid,aid,feedId,attribute_colour,colorSin
%20wht,rd,priceType,gs,%20black%20speckle,switchcurrency,product,%20stone%20stripe,%20stars
sz,pd2,variant,selectedSwatch,%20white%20spot,lang,sorting,c,lgsku,_fid
matte-moss-green,rrec,pr_ref_pid,productSize,_black,src_module
ram,chalk,scici,productid,pr_rec_id,mkevt,product_position,_sid,manufacturer
options%5Bsize%5D,cgpath,_lace,PartnerID,view,bid,fromCategoryId,lshst,isOutlet,size
route,catref,%20taupe,condition,rpos,piid%5B0%5D,pdid,parent_category_rn,rk,brand,color
-intensive-hair-scalp-masque-40ml.html,page,pk_source,objectID,rcid,linkCode,virtuemart_category_id
ie,_wood,fo_c,feature_ident,ref,deep-green,dark-mode-red,sfdr_hash,ev,navy%20stripe
campid,locale,%20pepper,sid,type,fo_s,sand,top_category2,cat,dark-mode-blue,psc
attribute_pa_size_baselayer_adult,w,pk_medium,top_category,ref_,queryID
campaign,P.LoadToPage,genericId,shippingcountry,style_preference,sli_sku_jump
-au-lait-k60k610167gbi,_aloe),attribute_pa_kit,-strengthening-conditioner-40ml.html,siteid,category_id
black,client,options%5Bcolour%5D,CAWELAID,-strengthening-leave-in-treatment-25ml.html,PROD
front-load-washer,dress_length,dark-mode-grey,Itemid,mallCode,occasion,moss,asp,urlLangId
lbc,categoryId,src_tab_page_id,feed,linkId,_5g,sp,koongo_tracker,mpe_id,pr_seq,os
nosto_source,start,%20pink%20leaves,offset,orderBy,murl,ssid,magenta,variantID
toolid,isort,sr,quicklink,myrtle-green,vatToggle,pmin,omnisendContactID,sonid
src_identifier,%20black%20palm,urlRequestType,cur_warehouse,attribute_pa_color,previewAttribute,om
%20white%20s,champclick,feature,pr,src,product_id,creative,sku_id,%20silver
nosto_sort_order,select,search,%20black%20stripe,%20white%20stripe,target,top_category5,qid
indexName,stackId,acc,srule,lgkey,out-of-stock-alternative,customizer:name,%20blue%20floral
citrusId,evtype,-intensive-strengthening-masque-rich-450ml.html,P.StartPage,width,departmentgroup
top-load-washer,screenSize,productId,child_product_id,products_id,snow,creativeASIN,utm_currency
shade,currency,paymentType,mpb,%20ivory,var,iid,french-navy,scarlet-red,cm_mmc
collectionId,ipc,advid,%20pink%20stripe,%20green%20mix,storage,___store,storeId,k
attributes[source],_pos,istFeedId,istBid,pf_rd_p,catalogId,top_category4,ObjectPath
default,Colour,fm,pf_rd_r,dfw_tracker,_dry_oil_mist,light-sand,_ss,storeid